1, Jacob, 81, Emma, 83,
2, Joshua, 66, Hannah, 73,
3, Ethan, 65, Madison, 71,
4, Hunter, 63, Hailey, 56,
5, Logan, 62, Emily, 51,
6, Tyler, 62, Elizabeth, 47,
7, Michael, 58, Alexis, 43,
8, Dylan, 52, Samantha, 41,
9, Zachary, 48, Alyssa, 39,
10, Andrew, 47, Abigail, 38,
11, Joseph, 47, Grace, 33,
12, Samuel, 45, Taylor, 33,
13, Gabriel, 44, Isabella, 31,
14, Nicholas, 44, Kylie, 30,
15, William, 44, Olivia, 30,
16, Caleb, 42, Sarah, 30,
17, James, 42, Megan, 29,
18, Austin, 41, Paige, 27,
19, Benjamin, 40, Jessica, 25,
20, Ryan, 38, Lily, 25,
21, John, 36, Lauren, 24,
22, Wyatt, 36, Anna, 23,
23, Nathan, 35, Chloe, 23,
24, Noah, 35, Rachel, 23,
25, Anthony, 34, Sophia, 23,
26, Connor, 34, Ashley, 22,
27, Hayden, 34, Katie, 22,
28, Kaden, 33, Natalie, 22,
29, Matthew, 33, Autumn, 21,
30, Gavin, 32, Jasmine, 21,
31, Thomas, 32, Morgan, 21,
32, Daniel, 31, Rylee, 21,
33, Luke, 31, Savannah, 21,
34, Carson, 30, Addison, 20,
35, Cody, 30, Brooke, 20,
36, Jonathan, 30, Haley, 20,
37, Tanner, 30, Jordan, 20,
38, Aidan, 29, Zoe, 20,
39, Blake, 28, Alexandra, 19,
40, Caden, 28, Mackenzie, 19,
41, Elijah, 28, Avery, 18,
42, Isaac, 28, Brooklyn, 18,
43, Justin, 28, Ella, 18,
44, David, 26, Gabrielle, 18,
45, Dawson, 26, Jenna, 18,
46, Evan, 26, Leah, 18,
47, Jordan, 26, Mariah, 18,
48, Riley, 26, Faith, 17,
49, Robert, 26, Molly, 17,
50, Brandon, 25, Sierra, 17,
51, Colton, 25, Victoria, 17,
52, Kyle, 25, Julia, 16,
53, Cameron, 24, Kaylee, 16,
54, Christopher, 24, Nevaeh, 16,
55, Ian, 24, Audrey, 15,
56, Christian, 23, Madeline, 15,
57, Adam, 22, Mary, 15,
58, Ashton, 22, Mia, 15,
59, Carter, 22, Trinity, 15,
60, Chase, 22, Alexa, 14,
61, Levi, 22, Allison, 14,
62, Mason, 22, Ava, 14,
63, Tristan, 22, Cassidy, 14,
64, Alexander, 21, Danielle, 14,
65, Cole, 21, Gracie, 14,
66, Jayden, 21, Katelyn, 14,
67, Jesse, 21, Kennedy, 14,
68, Aiden, 20, Kylee, 14,
69, Brady, 20, Marissa, 14,
70, Brayden, 20, Riley, 14,
71, Jace, 20, Shelby, 14,
72, Aaron, 19, Sydney, 14,
73, Isaiah, 19, Destiny, 13,
74, Jack, 19, Lillian, 13,
75, Trevor, 19, Makayla, 13,
76, Trey, 19, Rebecca, 13,
77, Dominic, 18, Abby, 12,
78, Jaden, 18, Breanna, 12,
79, Josiah, 18, Claire, 12,
80, Kaleb, 18, Hope, 12,
81, Seth, 18, Kaitlyn, 12,
82, Charles, 17, Kyra, 12,
83, Garrett, 17, Ashlyn, 11,
84, Nathaniel, 17, Aspen, 11,
85, Conner, 16, Bailey, 11,
86, Dalton, 16, Brianna, 11,
87, Devin, 16, Caitlyn, 11,
88, Jackson, 16, Erin, 11,
89, Jason, 16, Jade, 11,
90, Kyler, 16, Naomi, 11,
91, Payton, 16, Nicole, 11,
92, Sean, 16, Courtney, 10,
93, Trenton, 16, Hailee, 10,
94, Alex, 15, Isabel, 10,
95, Gage, 15, Jaden, 10,
96, Parker, 15, Josephine, 10,
97, Preston, 15, Kathryn, 10,
98, Richard, 15, Kayla, 10,
99, Spencer, 15, Makenna, 10,
100, Taylor, 15, Sara, 10,