1, Ethan, 83, Emma, 93,
2, Jacob, 75, Madison, 83,
3, Logan, 61, Hannah, 66,
4, Hunter, 56, Emily, 65,
5, Samuel, 53, Alexis, 57,
6, Andrew, 50, Olivia, 57,
7, Zachary, 48, Grace, 56,
8, Dylan, 46, Abigail, 53,
9, Isaac, 43, Morgan, 43,
10, Matthew, 43, Taylor, 42,
11, Austin, 42, Sydney, 41,
12, Benjamin, 42, Elizabeth, 36,
13, Cole, 40, Isabella, 32,
14, Tyler, 40, Paige, 32,
15, Mason, 38, Chloe, 29,
16, Nicholas, 38, Kylie, 29,
17, Noah, 38, Megan, 29,
18, Ryan, 38, Hailey, 28,
19, Gavin, 37, Lauren, 26,
20, Evan, 36, Samantha, 26,
21, Michael, 35, Anna, 25,
22, Caleb, 34, Brooklyn, 22,
23, Carter, 34, Sophia, 22,
24, Jack, 34, Alyssa, 21,
25, Alexander, 33, Ava, 21,
26, Kaden, 33, Destiny, 21,
27, Luke, 33, Allison, 20,
28, James, 32, Brooke, 20,
29, Joshua, 32, Jenna, 20,
30, William, 32, Jordan, 20,
31, Isaiah, 31, Kaylee, 20,
32, Justin, 30, Faith, 19,
33, Joseph, 29, Rachel, 19,
34, Nathan, 29, Sophie, 19,
35, Wyatt, 29, Trinity, 19,
36, Jackson, 28, Kaitlyn, 18,
37, Connor, 27, Abby, 17,
38, Ashton, 26, Claire, 17,
39, Alex, 25, Madeline, 17,
40, Brady, 25, Ella, 16,
41, Carson, 25, Haley, 16,
42, Blake, 24, Jordyn, 16,
43, Brandon, 24, Ashley, 15,
44, Tanner, 24, Avery, 15,
45, Thomas, 24, Isabelle, 15,
46, Caden, 23, Sierra, 15,
47, Elijah, 23, Victoria, 15,
48, Gabriel, 23, Brianna, 14,
49, Jayden, 23, Brynn, 14,
50, Jonathan, 23, Ellie, 14,
51, Riley, 23, Gracie, 14,
52, Aiden, 22, Jasmine, 14,
53, Hayden, 22, Kennedy, 14,
54, Dawson, 21, Mackenzie, 14,
55, Adam, 20, Madelyn, 14,
56, Brayden, 20, Mckenzie, 14,
57, Colton, 20, Molly, 14,
58, Jaden, 20, Mya, 14,
59, Daniel, 19, Sarah, 14,
60, Jordan, 19, Gabrielle, 13,
61, Lucas, 19, Halle, 13,
62, Seth, 19, Lily, 13,
63, Lane, 18, Mckenna, 13,
64, Cody, 17, Zoe, 13,
65, Drew, 17, Addison, 12,
66, Ian, 17, Autumn, 12,
67, John, 17, Bailey, 12,
68, Christian, 16, Danielle, 12,
69, Robert, 16, Kylee, 12,
70, Trevor, 16, Leah, 12,
71, Tucker, 16, Maggie, 12,
72, Ty, 16, Natalie, 12,
73, Aidan, 15, Rebecca, 12,
74, Anthony, 15, Rylee, 12,
75, Chase, 15, Amanda, 11,
76, Christopher, 15, Amber, 11,
77, Garrett, 15, Josie, 11,
78, Jace, 15, Julia, 11,
79, Kaleb, 15, Peyton, 11,
80, Kyle, 15, Savannah, 11,
81, Landon, 15, Shelby, 11,
82, Charles, 14, Courtney, 10,
83, David, 14, Hope, 10,
84, Dominic, 14, Katelyn, 10,
85, Gage, 14, Kayla, 10,
86, Jonah, 14, Macy, 10,
87, Nathaniel, 14, Mariah, 10,
88, Owen, 14, Nicole, 10,
89, Aaron, 13, Skylar, 10,
90, Bryce, 13, Alexa, 9,
91, Dillon, 13, Amy, 9,
92, Grant, 13, Brenna, 9,
93, Jesse, 13, Cassidy, 9,
94, Maxwell, 13, Erica, 9,
95, Parker, 13, Gabriella, 9,
96, Cameron, 12, Jayden, 9,
97,Devin, 12, Jocelyn, 9,
98, Timothy, 12, Kendra, 9,
99, Brody, 11, Lindsey, 9,
100, Cade, 11, Mikayla, 9