1, Jacob, 80, Emma, 88,
2, Ethan, 70, Hannah, 75,
3, Logan, 64, Emily, 69,
4, Mason, 57, Olivia, 65,
5, Carter, 54, Madison, 58,
6, Michael, 54, Abigail, 56,
7, Jackson, 53, Taylor, 53,
8, Joseph, 53, Alexis, 52,
9, Alexander, 52, Grace, 51,
10, Dylan, 52, Elizabeth, 44,
11, Noah, 52, Paige, 40,
12, Zachary, 51, Samantha, 39,
13, Gavin, 50, Megan, 37,
14, Austin, 49, Sydney, 34,
15, Caleb, 49, Morgan, 31,
16, Gabriel, 48, Isabella, 30,
17, Andrew, 47, Ashley, 29,
18, William, 47, Chloe, 29,
19, Connor, 44, Alyssa, 28,
20, Tyler, 44, Avery, 27,
21, Isaac, 42, Bailey, 27,
22, Nicholas, 42, Hailey, 27,
23, Joshua, 41, Ella, 26,
24, Samuel, 41, Jessica, 26,
25, Benjamin, 39, Kaitlyn, 26,
26, Carson, 39, Savannah, 26,
27, Matthew, 39, Jenna, 25,
28, Hunter, 37, Sarah, 24,
29, Riley, 37, Autumn, 23,
30, Cole, 36, Brooklyn, 23,
31, James, 35, Jasmine, 23,
32, Nathan, 35, Lauren, 23,
33, Luke, 34, Rachel, 23,
34, Ashton, 33, Trinity, 23,
35, Tanner, 33, Allison, 22,
36, Kaden, 32, Anna, 22,
37, Alex, 31, Katelyn, 22,
38, Brandon, 31, Sophia, 22,
39, Wyatt, 31, Brianna, 21,
40, Caden, 30, Kaylee, 21,
41, Dawson, 30, Kylie, 21,
42, Evan, 30, Brooke, 20,
43, Blake, 29, Kennedy, 20,
44, Jack, 29, Natalie, 20,
45, Ryan, 29, Abby, 19,
46, Christian, 28, Haley, 18,
47, Aidan, 27, Marissa, 18,
48, Daniel, 27, Ashlyn, 17,
49, David, 27, Mackenzie, 17,
50, Landon, 27, Maggie, 17,
51, Owen, 27, Makayla, 17,
52, Brayden, 26, Mya, 17,
53, Jaden, 26, Claire, 16,
54, Anthony, 25, Erin, 16,
55, Brady, 25, Jordan, 16,
56, Cody, 25, Jordyn, 16,
57, Elijah, 25, Julia, 16,
58, Jesse, 25, Victoria, 16,
59, Chase, 24, Ellie, 15,
60, Christopher, 24, Faith, 15,
61, Gage, 24, Gracie, 15,
62, John, 24, Madeline, 15,
63, Justin, 24, Mckenzie, 15,
64, Charles, 23, Mia, 15,
65, Jordan, 23, Arianna, 14,
66, Kyle, 23, Ava, 14,
67, Seth, 22, Destiny, 14,
68, Jayden, 21, Jada, 14,
69, Jonathan, 21, Josie, 14,
70, Lucas, 21, Kelsey, 14,
71, Trevor, 21, Leah, 14,
72, Aaron, 20, Lily, 14,
73, Hayden, 20, Maria, 13,
74, Levi, 20, Mariah, 13,
75, Thomas, 20, Mary, 13,
76, Ty, 20, Mikayla, 13,
77, Adam, 19, Payton, 13,
78, Garrett, 19, Tessa, 13,
79, Isaiah, 19, Tori, 13,
80, Cameron, 18, Alexandra, 12,
81, Colton, 18, Jocelyn, 12,
82, Robert, 18, Katherine, 12,
83, Aiden, 17, Kayla, 12,
84, Lane, 17, Sadie, 12,
85, Marcus, 17, Sierra, 12,
86, Max, 17, Abbie, 11,
87, Parker, 17, Danielle, 11,
88, Zane, 17, Hanna, 11,
89, Devin, 16, Jade, 11,
90, Kade, 16, Jadyn, 11,
91, Spencer, 16, Lillian, 11,
92, Tate, 16, Madelyn, 11,
93, Jace, 15, Molly, 11,
94, Jaxon, 15, Nicole, 11,
95, Trey, 15, Sidney, 11,
96, Ayden, 14, Summer, 11,
97, Braden, 14, Amelia, 10,
98, Bryce, 14, Breanna, 10,
99, Conner, 14, Cassidy, 10,
100, Grant, 14, Courtney, 10,